Name,Size,CR,Source,Type, Environment
Zoog,Tiny,0,CC. 396,Aberration,
Boot Grabber,Small,1/2,CC. 56,Aberration,
Nalusa Falaya,Medium,1/2,CC. 274,Aberration,
"Shoth, Sooze",medium,1/2,CC. 334,Aberration,
"Ahu-Nixta, Drudge",Medium,1/2,ToB2. 10,Aberration,
Brain Hood,Tiny,1/2,ToB2. 50,Aberration,
Dolgrim,Small,1/2,EB. 291,Aberration,
Core spawn Crawler,Small,1,WM. 286,Aberration,
Grindylow,Medium,1,CC. 210,Aberration,
Heggarna,Tiny,1,ToB2. 196,Aberration,
"Malleable, Minor",Medium,1,ToB2. 252,Aberration,
Sema,Small,1,ToB2. 320,Aberration,
Yann-An-Oed,Huge,2,CC. 391,Aberration,
"Lunarchidna, Lesser",Medium,2,ToB2. 242,Aberration,
Dolgaunt,Medium,3,EB. 290,Aberration,
Flying Horror,Medium,3,Ravnica. 203,Aberration,
Ahu-Nixta,Large,3,CC. 11,Aberration,
Astral Snapper,Medium,3,CC. 43,Aberration,
Far Wanderer,Medium,3,CC. 151,Aberration,
Ghast of Leng,Large,3,CC. 168,Aberration,
Xenabsorber,Medium,3,CC. 387,Aberration,
Bloodsapper,Medium,3,ToB2. 44,Aberration,
Catscratch,Huge,3,ToB2. 58,Aberration,
Gaunt One,Medium,3,ToB2. 163,Aberration,
Pale Screamer,Medium,3,ToB2. 290,Aberration,
Servant of Yig,Medium,4,CC. 325,Aberration,
Dorreq,Medium,4,ToB. 124,Aberration,
Oculo Swarm,Large Swarm,4,ToB. 209,Aberration,
Tusked Skyfish,Large,4,ToB. 391,Aberration,
Faceless Wanderer,Medium,4,ToB2. 139,Aberration,
"Lunarchidna, Greater",Medium,4,ToB2. 242,Aberration,
Vangslagh,Medium,4,ToB2. 359,Aberration,
"Shoth, Oth",Large,5,CC. 334,Aberration,
Rift Swine,Large,5,ToB. 326,Aberration,
"Malleable, Moderate",Large,5,ToB2. 253,Aberration,
Quoreq,Medium,5,ToB2. 304,Aberration,
Core Spawn Emissary,Medium,6,WM. 286,Aberration,
Child of Yggdrasil,Large,6,CC. 61,Aberration,
Fate Eater,Medium,6,ToB. 180,Aberration,
Mamura,Small,6,ToB. 284,Aberration,
Kaveph,Huge,6,ToB2. 225,Aberration,
"Lunarchidna, Transcendent",Medium,6,ToB2. 244,Aberration,
Primal Oozer,Medium,6,ToB2. 297,Aberration,
Wardu,Medium,6,ToB2. 365,Aberration,
Yavalnoi,Large,6,ToB2. 379,Aberration,
Tsucora quori,Medium,7,EB. 307,Aberration,
Ningyo,Small,7,CC. 278,Aberration,
Chelicerae,Large,7,ToB. 54,Aberration,
Spider of Leng,Large,7,ToB. 365,Aberration,
A-mi-kuk,Huge,7,ToB2. 15,Aberration,
Avalanche Screamer,Large,7,ToB2. 35,Aberration,
Crystalline Monolith,Huge,7,ToB2. 77,Aberration,
Lambent Witchfyre,Large,7,ToB2. 234,Aberration,
Ulnorya,Large,7,ToB2. 354,Aberration,
Vallowex,Large,7,ToB2. 356,Aberration,
Hound of Tindalos,Medium,8,CC. 221,Aberration,
Moon Nymph,Medium,8,CC. 269,Aberration,
Ziphius,Gargantuan,8,CC. 392,Aberration,
Qwyllion,Medium,8,ToB. 316,Aberration,
Xhkarsh,Large,8,ToB. 412,Aberration,
"Ahu-nixta, cataphract",Large,8,ToB2. 9,Aberration,
Astral Devourer,Medium Swarm,8,ToB2. 30,Aberration,
Avulzor,Large,8,ToB2. 37,Aberration,
"Ghast of Leng, Greater",Large,8,ToB2. 164,Aberration,
Kachilian,Huge,8,ToB2. 219,Aberration,
Parzz'val,Large,8,ToB2. 292,Aberration,
Hashalaq quori,Medium,9,EB. 305,Aberration,
Shadow Horror,Large,9,Ravnica. 205,Aberration,
Flame-Scourged Scion,Huge,9,CC. 159,Aberration,
Eater of Dust,Medium,9,ToB. 164,Aberration,
Aurora Horribilis,Large,9,ToB2. 34,Aberration,
Dimensional Shambler,Large,9,ToB2. 107,Aberration,
Murgrik,Large,9,ToB2. 263,Aberration,
Nharyth,Huge,9,ToB2. 269,Aberration,
Shukankor,Huge,9,ToB2. 326,Aberration,
nightgaunt,Large,10,CC. 277,Aberration,
"Malleable, Major",Huge,10,ToB2. 254,Aberration,
Flying Polyp,Huge,11,CC. 162,Aberration,
Voidling,Large,11,ToB. 404,Aberration,
Broodmother of Leng,Huge,11,ToB2. 52,Aberration,
"Shoth, Droth",Huge,12,CC. 333,Aberration,
Stellar Rorqual,Gargantuan,12,ToB2. 338,Aberration,
Core Spawn Seer,Medium,13,WM. 286,Aberration,
Helashruu,Huge,13,ToB2. 197,Aberration,
Butatsch,Gargantuan,14,ToB2. 54,Aberration,
Skittering Horror,Huge,15,Ravnica. 205,Aberration,
Core Spawn Worm,Gargantuan,15,WM. 287,Aberration,
Whisperer in Darkness,Medium,15,CC. 378,Aberration,
Mordant Snare,Gargantuan,15,ToB. 296,Aberration,
Star-Spawn of Cthulhu,Large,15,ToB. 368,Aberration,
Forest Emperor,Huge,15,ToB2. 155,Aberration,
"Malleable, Massive",Gargantuan,16,ToB2. 255,Aberration,
Urochar (Strangling watcher),Huge,17,ToB. 393,Aberration,
Shoggoth,Huge,19,ToB. 347,Aberration,
Kalaraq quori,Medium,19,EB. 306,Aberration,
"Shoth, Avatar of",Gargantuan,21,CC. 332,Aberration,
Belashyrra,Medium,22,EB. 286,Aberration,
Dyrrn,Medium,24,EB. 288,Aberration,
Wharfling,Tiny,1/8,ToB. 407,Beast,
"Dinosaur, Compsognathus",Tiny,1/8,ToB2. 108,Beast,
Giant Moth,Small,1/8,CC. 178,Beast,
Garroter Crab,Tiny,1/4,ToB. 208,Beast,
Swamp Adder,Small,1/4,ToB. 354,Beast,
Red-Banded Line Spider,Tiny,1/4,ToB. 363,Beast,
Suturefly,Tiny,1/4,ToB. 372,Beast,
"Beetle, Giant Bombardier",Medium,1/4,ToB2. 39,Beast,
alligator,Medium,1/4,ToB2. 387,Beast,
alligator turtle,Medium,1/4,ToB2. 387,Beast,
cave goat,Small,1/4,ToB2. 389,Beast,
forest falcon,Medium,1/4,ToB2. 390,Beast,
giant armadillo,Small,1/4,ToB2. 392,Beast,
giant leech,Small,1/4,ToB2. 393,Beast,
giant mongoose,Medium,1/4,ToB2. 393,Beast,
holler spider,Tiny,1/4,ToB2. 395,Beast,
rescinous frog,Small,1/4,ToB2. 397,Beast,
"Giant Moth, Rimewing",Small,1/4,CC. 178,Beast,
"Giant Moth, Sootwing",Small,1/4,CC. 179,Beast,
Necrotic Tick,Tiny,1/4,CC. 275,Beast,
Snow cat,Medium,1/4,CC. 346,Beast,
Fastieth,Medium,1/4,EB. 289,Beast,
Bone Crab,Small,1/2,ToB. 40,Beast,
Clawfoot,Medium,1,EB. 289,Beast,
Moorbounder,Large,1,WM. 295,Beast,
Dogmole,Medium,1,ToB. 120,Beast,
Zanskaran Viper,Large,1,ToB. 354,Beast,
"Beetle, Giant Snow",Large,1,ToB2. 39,Beast,
"Dinosaur, Comsognathus swarm",Medium Swarm,1,ToB2. 108,Beast,
Pestilence swarm,Medium Swarm,1,ToB2. 294,Beast,
balloon spider,Medium,1,ToB2. 387,Beast,
sporous crab,Small,1,ToB2. 398,Beast,
spurred water skate,Large,1,ToB2. 399,Beast,
"Giant Moth, Shockwing",Small,1,CC. 179,Beast,
Nodosaurus,Large,1,CC. 109,Beast,
"weasel, albino death",Large,1,CC. 374,Beast,
Giant Ant,Large,2,ToB. 23,Beast,
rock roach,Medium,2,ToB2. 308,Beast,
leech swarm,Medium,2,ToB2. 396,Beast,
swarm of esteron,Medium Swarm,2,ToB2. 400,Beast,
Lystrosaurus,Medium,2,CC. 108,Beast,
Rageipede,Small,2,CC. 310,Beast,
"spider, crypt",Medium,2,CC. 348,Beast,
terror bird,Large,2,CC. 352,Beast,
Bristled moorbounder,Large,3,WM. 295,Beast,
Night Scorpion,Large,3,ToB. 340,Beast,
Stygian Fat-Tailed scorpion,Tiny,3,ToB. 340,Beast,
J'Ba Fofi Spider,Large,3,ToB. 362,Beast,
Alpha Fish,Large,3,ToB2. 14,Beast,
Hodag,Large,3,ToB2. 200,Beast,
carrier mosquito,Large,3,ToB2. 389,Beast,
frost mole,Small,3,ToB2. 390,Beast,
Giant Ant Queen,Large,4,ToB. 23,Beast,
Death Butterfly Swarm,Large Swarm,4,ToB. 71,Beast,
Wharfling Swarm,Large Swarm,4,ToB. 407,Beast,
quickserpent,Large,4,ToB2. 303,Beast,
giant water scorpion,Large,4,ToB2. 393,Beast,
megaloceros,Huge,4,ToB2. 396,Beast,
cats of Ulthar,Huge swarm,4,CC. 58,Beast,
"Dinosaur, Ngobou",Large,5,ToB. 115,Beast,
kongamato,Large,5,ToB. 265,Beast,
shimmer seal,Medium,5,ToB2. 324,Beast,
giant frilled lizard,Large,5,ToB2. 392,Beast,
Greater Death Butterfly Swarm,Huge Swarm,6,ToB. 71,Beast,
Gbahali,Huge,6,ToB. 209,Beast,
Fleshpod Hornet,Large ,6,CC. 161,Beast,
Sand Spider,Large,7,ToB. 364,Beast,
Mei Jiao Shou,Gargantuan,7,ToB2. 259,Beast,
"Sloth, Giant",Large,7,CC. 345,Beast,
Savager,Large,8,ToB. 338,Beast,
Oliphaunt,Gargantuan,8,CC. 280,Beast,
Ychen Bannog,Gargantuan,11,ToB. 413,Beast,
Titanoboa,Gargantuan,12,ToB. 382,Beast,
Glacier Behemoth,Huge,12,ToB2. 177,Beast,
"Dinosaur, Spinosaurus",Gargantuan,13,ToB. 116,Beast,
Aviere,Tiny,1/2,ToB2. 36,Celestial,
Hallowed Reeds,Medium,1/2,CC. 305,Celestial,
Chamrosh,Medium,1,ToB2. 59,Celestial,
Ghillie Dubh,Medium,1,ToB2. 165,Celestial,
Irid,Tiny,1,ToB2. 217,Celestial,
"Angel, Eye of Gods",Small,1,CC. 16,Celestial,
Uraeus,Tiny,2,ToB. 392,Celestial,
White Stag,Large,2,CC. 379,Celestial,
"Angel, Kinnara",Medium,3,CC. 17,Celestial,
Firebird,Small,4,ToB. 201,Celestial,
"Angel, Mead Archon",Medium,4,ToB2. 18,Celestial,
Battleforce Angel,Medium,5,Ravnica. 189,Celestial,
Felidar,Large,5,Ravnica. 199,Celestial,
"Angel, Fidele",Medium,5,ToB. 21,Celestial,
Sandman,Medium,5,ToB. 333,Celestial,
Temple Dog,Medium,5,ToB. 378,Celestial,
Moonkite,Large,5,ToB2. 260,Celestial,
Aatxe,Large,5,CC. 7,Celestial,
Simurg,Gargantuan,5,CC. 339,Celestial,
"Angel, Song",Large,6,CC. 20,Celestial,
Alabaster Tree,Huge,7,CC. 302,Celestial,
"Angel, Sammael",Medium,7,CC. 19,Celestial,
Astri,Small,8,ToB2. 31,Celestial,
"Angel, Zoryas",Medium,8,CC. 21,Celestial,
"Dakini, simhamukkha",Huge,8,CC. 70,Celestial,
"Angel, Chained",Medium,8,ToB. 20,Celestial,
Ammut,Large,9,CC. 15,Celestial,
Lamassu,Large,10,CC. 247,Celestial,
Buraq,Medium,11,ToB. 48,Celestial,
Valkyrie,Medium,11,ToB. 396,Celestial,
Ecstatic Bloom,Huge,11,CC. 303,Celestial,
Radiant Idol,Large,11,EB. 308,Celestial,
Firemane Angel,Medium,12,Ravnica. 190,Celestial,
Skein Witch,Medium,12,ToB. 349,Celestial,
Angelic Enforcer,Large,12,ToB2. 17,Celestial,
Thrummren,Gargantuan,12,ToB2. 347,Celestial,
Archon of the Triumvirate,Medium,14,Ravnica. 192,Celestial,
Deathpact Angel,Medium,14,Ravnica. 191,Celestial,
"Angel, Uridimmu",Large,14,ToB2. 19,Celestial,
Andrenjinyi,Gargantuan,15,ToB. 18,Celestial,
Yaojing,Medium,15,ToB2. 377,Celestial,
"Angel, Ophanim",Large,16,CC. 18,Celestial,
Barong,Large,17,CC. 49,Celestial,
Angel of Judgement,Huge,18,ToB2. 16,Celestial,
Living Star,Huge,19,CC. 256,Celestial,
Shadow of Death,Large,21,ToB2. 323,Celestial,
Monkey King,Medium,21,CC. 337,Celestial,
Aurelia,Medium,23,Ravnica. 230,Celestial,
Expeditious messenger,Tiny,1/8,EB. 293,Construct,
Bookkeeper,Tiny,1/8,CC. 55,Construct,
Clockwork Servant,Medium,1/8,CC. 65,Construct,
"Golem, Lesser, Hair",Small,1/4,CC. 200,Construct,
"Golem, Paper",Tiny,1/4,CC. 204,Construct,
Inkling,Tiny,1/4,CC. 227,Construct,
Living wick,Small,1/4,ToB. 278,Construct,
Witchlight,Tiny,1/4,ToB. 409,Construct,
Xanka,Small,1/4,ToB. 411,Construct,
Servitor Thrull,Small,1/4,Ravnica. 221,Construct,
Shard Swarm,Medium swarm,1/2,CC. 329,Construct,
Weirding Scroll,Tiny,1/2,CC. 376,Construct,
Greed Swarm,Medium swarm,1/2,ToB2. 184,Construct,
clockwork Beetle,Tiny,1/2,ToB. 60,Construct,
Clockwork Watchman,Medium,1/2,ToB. 65,Construct,
Empty Cloak,Medium,1/2,ToB. 176,Construct,
Library automaton,Small,1/2,ToB. 273,Construct,
Winged Thrull,Small,1/2,Ravnica. 221,Construct,
iron defender,Medium,1,EB. 293,Construct,
living burning hands,Medium,1,EB. 298,Construct,
Clockwork Soldier,Medium,1,CC. 65,Construct,
"Golem, Lesser, Mud",Small,1,CC. 201,Construct,
Clockwork Leech,Medium,1,ToB2. 66,Construct,
Wood Ward,Medium,1,ToB2. 374,Construct,
Clockwork Weaving Spider,Tiny,1,ToB. 66,Construct,
Emerald Eye,Tiny,1,ToB. 175,Construct,
Cauldronborn,Small,2,CC. 59,Construct,
"Golem, Lesser, Glass",Small,2,CC. 200,Construct,
Sigilian,Medium,2,CC. 335,Construct,
Mad Piper,Large,2,ToB2. 250,Construct,
Clockwork Hound,Medium,2,ToB. 62,Construct,
Spider thief,Small,2,ToB. 366,Construct,
"Golem, Bronze",Large,3,CC. 196,Construct,
"Golem, Keg",Medium,3,CC. 199,Construct,
"Golem, Lesser, Wood",Medium,3,CC. 201,Construct,
"Golem, Paper Swarm",Medium swarm,3,CC. 204,Construct,
Thread-Bound snake,Huge,3,CC. 353,Construct,
Apaxrusl,Medium,3,ToB2. 27,Construct,
"Golem, Vine",Medium,3,ToB2. 181,Construct,
Clockwork Beetle swarm,Large Swarm,3,ToB. 61,Construct,
Clockwork Huntman,Medium,3,ToB. 63,Construct,
Imy-ut Ushabti,Medium,3,ToB. 256,Construct,
Monolith Footman,Large,3,ToB. 295,Construct,
Pillar of Lost Magocracy,Huge,4,CC. 299,Construct,
Animated Bearskin Rug,Large,4,ToB2. 24,Construct,
Living lightning bolt,Large,5,EB. 299,Construct,
Iron Sphere,Small,5,CC. 228,Construct,
Dread Walker Excavator ,Large,5,ToB2. 129,Construct,
"Golem, Death Shroud",Large,5,ToB2. 179,Construct,
Clockwork Abomination,Large,5,ToB. 59,Construct,
Fellforged,Medium,5,ToB. 182,Construct,
Clockwork Assassin,Medium,6,CC. 64,Construct,
Akaasit,Medium,6,ToB2. 11,Construct,
Clockwork Mantis,Large,6,ToB2. 67,Construct,
Clockwork Tiger,Large,6,ToB2. 68,Construct,
"Golem, Bearing",Medium,6,ToB2. 178,Construct,
Clockwork Myrmidon,Large,6,ToB. 64,Construct,
Gearforged Templar,Medium,6,ToB. 210,Construct,
Gnarljack,Small,6,ToB. 229,Construct,
living cloudkill,Large,7,EB. 299,Construct,
"Golem, Armory",Large,7,CC. 194,Construct,
"Golem, Bone",Medium,7,CC. 195,Construct,
Sentinel in Darkness,Large,7,CC. 323,Construct,
Repository,Medium,7,ToB2. 306,Construct,
Zalikum,Huge,7,ToB2. 382,Construct,
Possessed Pillar,Large,7,ToB. 314,Construct,
warforged titan,Huge,8,EB. 315,Construct,
Clockwork Dragon,Large,8/14 (3-headed),CC. 111,Construct,
"Golem, Fractal",Large,8,CC. 198,Construct,
"Golem, Manastrom",Medium,8,CC. 203,Construct,
Ring Servant,Large,8,CC. 318,Construct,
Bloodstone Sentinel,Large,8,ToB2. 45,Construct,
Locksmith,Medium,8,ToB2. 240,Construct,
Onyx Magistrate,Large,8,ToB2. 276,Construct,
Tetomatli,Large,8,ToB2. 345,Construct,
Feyward Tree,Huge,8,ToB. 200,Construct,
Idolic Diety,Small,8,ToB. 255,Construct,
Monolith Champion,Large,8,ToB. 294,Construct,
Shabti,Medium,8,ToB. 343,Construct,
Tophet,Huge,8,ToB. 383,Construct,
"Golem, Alechemical",Large,9,CC. 192,Construct,
"Golem, Lotus",Large,9,CC. 202,Construct,
Mytholabe,Large,9,CC. 271,Construct,
Wickerman,Huge,9,CC. 380,Construct,
Kobold War Machine,Large,9,ToB2. 233,Construct,
Righteous Sentinel,Large,9,ToB2. 307,Construct,
Thornheart Guardian,Large,9,ToB2. 346,Construct,
Ushabti,Large,9,ToB. 394,Construct,
"Golem, Altar Flame",Large,10,CC. 193,Construct,
"Golem, Doom",Large,10,CC. 197,Construct,
Fabricator,Large,10,ToB2. 138,Construct,
"Golem, Dragonflesh",Large,10,ToB2. 180,Construct,
Runeswarm,Large swarm,10,ToB2. 310,Construct,
Algorith,Medium,10,ToB. 14,Construct,
"Golem, Salt",Large,10,ToB. 235,Construct,
Gearkeeper Construct,Large,10,WM. 290,Construct,
"Golem, Eye",Large,11,ToB. 233,Construct,
Chronomatic Enchancer,Large,12,ToB2. 64,Construct,
"Golem, Hoard",Huge,12,ToB. 234,Construct,
Clockwork Archon,Gargantuan,13,ToB2. 65,Construct,
"Golem, Steam",Large,13,ToB. 237,Construct,
"Golem, Smargadine",Large,14,ToB. 236,Construct,
"Golem, War Machine",Gargantuan,18,CC. 205,Construct,
Harbinger of Wrath,Gargantuan,20,ToB2. 193,Construct,
warforged colossus,Gargantuan,25,EB. 314,Construct,
"Drake, Alehouse",Tiny,1/2,ToB. 148,Dragon,
Lantern Dragonette,Tiny,1/2,ToB. 270,Dragon,
"Dragonette, Keyhole",Tiny,1/2,ToB2. 118,Dragon,
"Drake, Light",Tiny,1/2,ToB2. 125,Dragon,
"Drake, pact",Small,1,CC. 130,Dragon,
"Dragon, Wind, wyrmling",Medium,1,ToB. 145,Dragon,
"Drake, Crimson",Tiny,1,ToB. 151,Dragon,
"Dragon, Light, Wyrmling",Medium,2,CC. 113,Dragon,
"Drake, Forest",Small,2,CC. 128,Dragon,
"Dragon, Cave, Wyrmling",Medium,2,ToB. 127,Dragon,
"Dragon, Sea, Wyrmling",Medium,2,ToB. 136,Dragon,
"Dragon, Void, Wyrmling",Medium,2,ToB. 140,Dragon,
"Drake, Paper",Small,2,ToB. 154,Dragon,
"Dragon, Boreal Wyrmling",Medium,2,ToB2. 113,Dragon,
"Drake, Hoarfrost",Medium,2,ToB2. 123,Dragon,
"Dragon, Wateland, wyrmling",Medium,3,CC. 118,Dragon,
"Drake, Bathhouse",Medium,3,CC. 126,Dragon,
"Drake, peluda",Large,3,CC. 131,Dragon,
"Drake, Skull",Medium,3,CC. 132,Dragon,
"Dragon, Flame, Wymling",Medium,3,ToB. 131,Dragon,
Jaculus,Small,3,ToB. 258,Dragon,
"Dragon, Imperial Wyrmling",Medium,3,ToB2. 117,Dragon,
"Drake, Cave",Large,3,ToB2. 119,Dragon,
"Drake, Kelp",Medium,3,ToB2. 124,Dragon,
"Drake, Ash",Small,4,ToB. 149,Dragon,
"Drake, Moon",Medium,5,CC. 129,Dragon,
Lindwurm,Large,5,ToB. 276,Dragon,
Zmey Headling,Medium,5,ToB. 417,Dragon,
"Drake, Diminution",Medium,5,ToB2. 121,Dragon,
Dracotaur,Large,6,CC. 110,Dragon,
"Drake, Fey",Small,6,CC. 127,Dragon,
Ouroboros,Huge,6,CC. 293,Dragon,
Piasa,Large,6,CC. 298,Dragon,
"Dragon, Mithral, Young",Medium,6,ToB. 134,Dragon,
"Dragon, Wind, Young",Large,6,ToB. 144,Dragon,
Sandwyrm,Large,6,ToB. 334,Dragon,
"Drake, Sanddrift",Large,6,ToB2. 127,Dragon,
"Dragon, Light, Young",Large,7,CC. 114,Dragon,
"Wyvern, War",Large,7,CC. 386,Dragon,
"Drake, Coral",Medium,7,ToB. 150,Dragon,
"Drake, Elder Shadow",Large,7,ToB. 153,Dragon,
"Drake, Vine",Medium,7,ToB2. 128,Dragon,
Ankou Soul Seeker,Large,8,CC. 38,Dragon,
"Dragon, Cave, Young",Large,8,ToB. 127,Dragon,
"Drake, Rust",Medium,8,ToB. 155,Dragon,
"Dragon, Boreal Young",Large,8,ToB2. 112,Dragon,
"Drake, Hoard",Large,8,ToB2. 122,Dragon,
"Dragon, Wasteland, Young",Large,9,CC. 118,Dragon,
"Drake, Spider",Large,9,CC. 133,Dragon,
"Dragon, Flame, Young",Large,9,ToB. 130,Dragon,
"Dragon, Sea, Young",Large,9,ToB. 136,Dragon,
"Dragon, Void, Young",Large,9,ToB. 140,Dragon,
"Drake, Deep",Large,9,ToB. 152,Dragon,
Naina,Large,11,ToB. 302,Dragon,
"Dragon, Imperial Young",Large,11,ToB2. 117,Dragon,
"Drake, Crater",Small,11,Tob2. 120,Dragon,
Herald of Fire,Large,12,CC. 215,Dragon,
Dragon Eel,Huge,12,ToB. 146,Dragon,
Azi Dahaka,Huge,14,CC. 45,Dragon,
"Dragon, Mithral, Adult",Huge,14,ToB. 133,Dragon,
"Dragon, Void, Adult",Huge,14,ToB. 139,Dragon,
Zmey,Huge,14,ToB. 416,Dragon,
"Drake, Liminal",Large,14,ToB2. 126,Dragon,
Herald of Great Wyrm,Large,15,CC. 217,Dragon,
"Drake, Star",Large,15,ToB. 156,Dragon,
"Dragon, Light, Adult",Huge,16,CC. 114,Dragon,
"Dragon, Cave, Adult",Huge,16,ToB. 125,Dragon,
"Dragon, Flame, Adult",Huge,16,ToB. 129,Dragon,
"Dragon, Sea, Adult",Huge,16,ToB. 135,Dragon,
"Linnorm, Vent",Gargantuan,16,ToB2. 239,Dragon,
"Dragon, Wasteland, Adult",Huge,17,CC. 118,Dragon,
"Dragon, Wind, Adult",Huge,17,ToB. 143,Dragon,
"Dragon, Boreal Adult",Huge,17,ToB2. 111,Dragon,
"Dragon, Mithral, Ancient",Gargantuan,18,ToB. 132,Dragon,
Felid Dragon,Huge,19,ToB2. 143,Dragon,
"Dragon, Imperial Adult",Huge,20,ToB2. 115,Dragon,
Ankou Soul Herald,Gargantuan,21,CC. 37,Dragon,
"Dragon, Light, Ancient",Gargantuan,22,CC. 116,Dragon,
"Dragon, Sea, Ancient",Gargantuan,22,ToB. 135,Dragon,
"Dragon, Wind, Ancient",Gargantuan,22,ToB. 142,Dragon,
"Dragon, Wasteland, Ancient",Gargantuan,23,CC. 120,Dragon,
"Dragon, Flame, Ancient",Gargantuan,24,ToB. 128,Dragon,
"Dragon, Void, Ancient",Gargantuan,24,ToB. 138,Dragon,
"Dragon, Boreal Ancient",Gargantuan,24,ToB2. 110,Dragon,
Niv-Mizzet,Gargantuan,26,Ravnica. 241,Dragon,
"Dragon, Imperial Ancient",Gargantuan,26,ToB2. 115,Dragon,
Storm Spirit,Medium,1/2,CC. 350,Elemental,
Gavanice weird,Medium,1,Ravnica. 209,Elemental,
"Rime Worm, Grub",Medium,1,ToB. 327,Elemental,
Bilwis,Medium,1,CC. 53,Elemental,
Anubian,Medium,2,ToB. 24,Elemental,
firegeist,Small,2,ToB. 202,Elemental,
Pech,Small,2,CC. 294,Elemental,
Radiant Spark Swarm,Medium Swarm,3,ToB2. 305,Elemental,
Blistercoil Weird,Medium,4,Ravnica. 207,Elemental,
Storm Maiden,Medium,4,ToB2. 340,Elemental,
"Elemental, Venom",Large,4,CC. 140,Elemental,
"Pech, Stonemaster",Small,4,CC. 295,Elemental,
Befouled Weird,Medium,5,ToB2. 41,Elemental,
"Elemental, Ice",Large,5,ToB2. 133,Elemental,
"Elemental, Blood",Large,5,CC. 138,Elemental,
"Elemental, Magnetic",Large,6,ToB2. 134,Elemental,
"Rime Worm, Adult",Large,6,ToB. 327,Elemental,
Fragrite,Medium,6,CC. 164,Elemental,
Fluxcharger,Large,7,Ravnica. 208,Elemental,
"Elemental, Fire-infused water",Huge,7,ToB2. 132,Elemental,
spark,Tiny,7,ToB. 357,Elemental,
Swarm of FIre Dancers,Medium Swarm,7,ToB. 373,Elemental,
"Pech, Lithlord",Small,7,CC. 295,Elemental,
Hongaek,Large,8,ToB2. 201,Elemental,
Ikuchi,Gargantuan,8,ToB2. 210,Elemental,
Magma Octopus,Large,8,ToB2. 251,Elemental,
chronalmental,Large,8,ToB. 57,Elemental,
Liosalfar,Large,8,ToB. 277,Elemental,
"Genia, Al-Aeshma",Large,9,ToB. 211,Elemental,
Fulminar,Large,9,CC. 165,Elemental,
Sathaq worm,Huge,10,ToB. 337,Elemental,
Thuellai,Huge,10,ToB. 379,Elemental,
Incinis,Large,10,CC. 226,Elemental,
arclight Pheonix,Medium,12,Ravnica. 193,Elemental,
Noth-Norren,Gargantuan,13,ToB2. 270,Elemental,
Salamander Monarch,Large,13,ToB2. 311,Elemental,
"Elemental, Storm Lord",Huge,13,CC. 139,Elemental,
Cherufe,Huge,14,ToB2. 61,Elemental,
"Arbeyach's Herald, Ia'affrat",Large Swarm,15,ToB. 98,Elemental,
Slow Storm,Huge,15,ToB. 353,Elemental,
boreas,Medium,17,ToB. 42,Elemental,
elemental locus,Gargantuan,17,ToB. 169,Elemental,
Lava Keeper,Huge,18,ToB2. 235,Elemental,
Cikavak,Tiny,1/8,ToB. 58,Fey,
Ice Bogie,Small,1/8,ToB2. 209,Fey,
"Kami, Gorao-ka",Tiny,1/8,ToB2. 221,Fey,
Lymarien,Tiny,1/8,ToB2. 248,Fey,
Valenar Hawk,Tiny,1/8,EB. 312,Fey,
Azza Gremlin,Small,1/4,Tob. 28,Fey,
Clurichaun,Tiny,1/4,ToB. 67,Fey,
Living Shade,Medium,1/4,CC. 255,Fey,
Morko,Small,1/4,CC. 270,Fey,
Nyctli,Tiny,1/4,ToB2. 271,Fey,
Bucca,Tiny,1/2,ToB. 46,Fey,
Burrowling,Small,1/2,ToB. 49,Fey,
Fraugashar,Small,1/2,ToB. 206,Fey,
"Gremlin, Rum",Tiny,1/2,ToB. 239,Fey,
miremal,Small,1/2,ToB. 292,Fey,
Foxin,Small,1/2,CC. 163,Fey,
Attercroppe,Tiny,1/2,Tob2. 32,Fey,
Wintergrim,Small,1/2,ToB2. 372,Fey,
Valenar Hound,Medium,1/2,EB. 312,Fey,
Valenar Steed,Large,1/2,EB. 313,Fey,
Boloti,Tiny,1,ToB. 38,Fey,
Chernomoi,Tiny,1,ToB. 55,Fey,
Gerridae,Large,1,ToB. 212,Fey,
Alp,Small,1,CC. 14,Fey,
Flithidir,Small,1,Tob2. 154,Fey,
Beli,Small,2,ToB. 35,Fey,
Eel Hound,Medium,2,ToB. 166,Fey,
Shellycoat,Medium,2,ToB. 346,Fey,
vile barber,Small,2,ToB. 401,Fey,
Dream Squire,Medium,2,CC. 134,Fey,
Iron Teeth of Baba Yaga,Tiny,2,CC. 47,Fey,
Kallikantzaros,Small,2,CC. 233,Fey,
Kappa,Small,2,CC. 234,Fey,
Kitsune,Small,2,CC. 236,Fey,
"Weasel, Wind",Medium,2,CC. 375,Fey,
Crinaea,Medium,2,ToB2. 74,Fey,
Orphan of the Black,Small,2,ToB2. 286,Fey,
Scrofin,Medium,2,ToB2. 319,Fey,
Yumerai,Medium,2,ToB2. 381,Fey,
"Dryad, Duskthorn",Medium,3,ToB. 160,Fey,
Far Darrig,Small,3,ToB. 179,Fey,
mirager,Medium,3,ToB. 291,Fey,
pombero,Medium,3,ToB. 313,Fey,
Spire Walker,Tiny,3,ToB. 367,Fey,
Swarm of Sluagh,Medium Swarm,3,ToB. 376,Fey,
"Hag, Snow",Medium,3,CC. 214,Fey,
Korrigan,Small,3,CC. 242,Fey,
Fragrant One,Small,3,ToB2. 156,Fey,
Lazavik,Tiny,3,ToB2. 236,Fey,
Shadow Boxer,Small,3,ToB2. 322,Fey,
Woe Siphon,Medium,3,ToB2. 373,Fey,
Bereginyas,Tiny,4,ToB. 36,Fey,
Dau,Small,4,ToB. 70,Fey,
Domovoi,Medium,4,ToB. 122,Fey,
selang (dark satyr),Medium,4,ToB. 341,Fey,
Azeban,Medium,4,CC. 44,Fey,
Water Horse,Medium,4,CC. 373,Fey,
"Gremlin, Rum Lord",Small,4,ToB2. 185,Fey,
Aridni,Small,5,ToB. 26,Fey,
Eleinomae,Medium,5,ToB. 168,Fey,
Hulking whelp,Small / Huge,5,ToB. 252,Fey,
kikimora,Medium,5,ToB. 260,Fey,
lorelei,Medium,5,ToB. 279,Fey,
vila,Medium,5,ToB. 400,Fey,
Quickstep,Small,5,CC. 308,Fey,
Undine,Medium,5,CC. 362,Fey,
Xiphus,Small,5,CC. 388,Fey,
Far Dorocha,medium,5,Tob2. 142,Fey,
Jack of Strings,Medium,5,ToB2. 218,Fey,
Lunarian,Medium,5,ToB2. 245,Fey,
Lymarien Swarm,Large Swarm,5,ToB2. 248,Fey,
Somberweave,Medium,5,ToB2. 335,Fey,
"Hag, Mirror",Medium,6,ToB. 243,Fey,
ice maiden,Medium,6,ToB. 254,Fey,
malphas,Medium,6,ToB. 283,Fey,
nichny,Medium,6,ToB. 303,Fey,
Redcap,Medium,6,ToB. 325,Fey,
Scheznyki,Small,6,ToB. 339,Fey,
Green Knight,Medium,6,CC. 209,Fey,
Ashen Custodian,Medium,6,ToB2. 29,Fey,
Hverhuldra,Small,6,ToB2. 206,Fey,
"Kami, Naizu-Ha",Small,6,ToB2. 223,Fey,
"Nymph, Mountain",Medium,6,ToB2. 272,Fey,
Dusk Hag,Medium,6,EB. 292,Fey,
"Hag, Red",Medium,7,ToB. 244,Fey,
Ijiraq,Medium,7,CC. 225,Fey,
Fey Revenant,Large,7,ToB2. 150,Fey,
Haleshi,Large,7,ToB2. 191,Fey,
Shurale,Medium,7,ToB2. 327,Fey,
Silenal,Small,7,ToB2. 328,Fey,
Ala,Medium,8,ToB. 13,Fey,
Tarkun the Desiccated,Medium,8,ToB2. 148,Fey,
"Kami, Hebi-Doku",Medium,8,ToB2. 222,Fey,
Conclave Dryad,Medium,9,Ravnica. 194,Fey,
Huli Jing,Medium,9,ToB2. 204,Fey,
"Kami, Sasori Fukurouwashi",Medium,9,ToB2. 224,Fey,
Plauge Spirit,Medium,9,ToB2. 296,Fey,
Warmth Theif,Tiny,9,ToB2. 366,Fey,
Fear Smith (Fiarsidhe),Medium,10,ToB. 181,Fey,
Toad King,Medium,10,ToB2. 22,Fey,
Luck Leech,Medium,10,ToB2. 241,Fey,
Nyctli Swarm,Large Swarm,10,ToB2. 271,Fey,
Pumpkin King,Huge,10,ToB2. 298,Fey,
Abominatble Beauty, Medium,11,ToB. 11,Fey,
Baba Yaga's Horsemen,Medium,11,ToB. 30,Fey,
Dullahan,Large,11,ToB. 161,Fey,
"Hag, Blood",Medium,11,ToB. 242,Fey,
Mouse King,Small,11,CC. 29,Fey,
"Dryad, Mountain",Huge,11,ToB2. 130,Fey,
Sea Fury,Medium,12,WM. 298,Fey,
Bear King,Medium,12,ToB. 186,Fey,
"Fey Lord, Reynard",Medium,12,CC. 156,Fey,
Lord of Vultures,Large,12,CC. 26,Fey,
Queen of Serpents,Medium,12,CC. 34,Fey,
Bat King,Small,13,CC. 22,Fey,
Queen of Scorpions,Medium,13,ToB2. 20,Fey,
Queen of Birds,Large,14,CC. 31,Fey,
Queen of Cats,Large,15,CC. 31,Fey,
Mistress of Midnight Teeth,Small,15,ToB2. 146,Fey,
Commander of Horn and Gold,Medium,15,ToB2. 144,Fey,
"Fey Lady, Snow Queen",Medium,16,ToB. 198,Fey,
River King,Medium,16,ToB. 196,Fey,
Brother Ox,Huge,16,CC. 25,Fey,
"Fey Lady, Berchta",Medium,16,CC. 154,Fey,
moonlit king,Medium,17,ToB. 190,Fey,
Queen of witches,Large,17,ToB. 194,Fey,
Trostani,Large,18,Ravnica. 252,Fey,
lord of the hunt,Medium,18,ToB. 188,Fey,
baba Yaga,medium,20,CC. 46,Fey,
queen of night and magic,Medium,21,ToB. 192,Fey,
Kalke,Small,1/4,ToB. 259,Fiend,
Cackler,Small,1/2,Ravnica. 195,Fiend,
Corrupted Pixie,Tiny,1/2,ToB2. 72,Fiend,
"Devil, Blood Imp",Tiny,1/2,ToB2. 103,Fiend,
"Devil, Fire Imp",Tiny,1/2,CC. 103,Fiend,
Execrable Shrub,Medium,1/2,CC. 304,Fiend,
Gumienniki,Small,1,CC. 213,Fiend,
"Devil, Ink",Small,2,ToB. 107,Fiend,
Tree Skinner,Medium,2,ToB2. 351,Fiend,
"Demon, Wind",Small,2,CC. 93,Fiend,
Kuunganisha,Small,2,CC. 245,Fiend,
Nergalid (Devil Toad),Large,3,WM. 296,Fiend,
"Demon, Pishacha",Medium,3,CC. 88,Fiend,
"Demon, Plaresh",Medium Swarm,3,CC. 89,Fiend,
Infernal Centaur,Medium,4,ToB2. 214,Fiend,
"Demon, Rattok",Small,4,CC. 90,Fiend,
"Demon, Yek",Small,4,CC. 95,Fiend,
"Devil, Wind's Harp",Medium,4,CC. 105,Fiend,
Spawn of Chernobog,Large,4,CC. 347,Fiend,
Zakya Rakshasa,Medium,5,EB. 309,Fiend,
Bouda,Medium,5,ToB. 44,Fiend,
Dream Eater,Medium,5,ToB. 158,Fiend,
Spawn of Arbeyach,Medium,5,ToB. 97,Fiend,
Spawn of Akyishigal,Medium,5,ToB. 83,Fiend,
"Devil, Arachnocrat",Medium,5,ToB2. 102,Fiend,
"Devil, Scribe",Medium,5,ToB2. 105,Fiend,
"Demon, Spree",Small,5,CC. 91,Fiend,
Karakura,Medium,5,CC. 235,Fiend,
Spawn of Parzelon,Medium,5,CC. 102,Fiend,
"Demon, Cipactli",Medium,5,CC. 83,Fiend,
"Demon, Apau Perape",Large,6,ToB. 75,Fiend,
"Devil, Crystalline",Medium,6,ToB. 105,Fiend,
"Devil, Salt",Medium,6,ToB. 113,Fiend,
"Demon, Spawn of Alquam",Large,6,ToB2. 95,Fiend,
"Demon, Spawn of Rhopalocerex",Large,6,ToB2. 92,Fiend,
Vexxeh,Huge,6,ToB2. 360,Fiend,
"Demon, Echo",Medium,6,CC. 84,Fiend,
Devil Bough,Huge,6,CC. 302,Fiend,
"Demon, Psoglav",Large,7,ToB. 79,Fiend,
"Devil, Gilded",Medium,7,ToB. 106,Fiend,
Herald of Darkness,Large,7,ToB. 249,Fiend,
Soul Eater,Medium,7,ToB. 356,Fiend,
"Vampire, Umbral",Medium,7,ToB. 397,Fiend,
Chatterlome,Medium,7,ToB2. 60,Fiend,
"Demon, Vellso",Medium,7,CC. 92,Fiend,
"Demon, Kishi",Medium,8,ToB. 77,Fiend,
"Devil, Lunar",Large,8,ToB. 110,Fiend,
"Devil, Tzepharion",Large,8,ToB2. 106,Fiend,
Hantu Penanggal,Medium,8,ToB2. 192,Fiend,
Snow Terror,Large,8,ToB2. 334,Fiend,
Wanyudo,Large,8,ToB2. 364,Fiend,
"Demon, Neophron",Medium,8,CC. 87,Fiend,
Master of Cruelties,Large,9,Ravnica. 196,Fiend,
"Demon, Malkbel",Medium,9,ToB. 78,Fiend,
"Demon, Alnaar",Large,9,CC. 82,Fiend,
"Demon, Fulad-zereh",Huge,9,CC. 85,Fiend,
"Demon, Yek Alpha",Medium,9,CC. 95,Fiend,
"Demon, Rubezahl",Medium,10,ToB. 80,Fiend,
"Devil, Automata",Large,10,ToB. 102,Fiend,
"Demon, Spawn of Hriggala",Huge,10,ToB2. 89,Fiend,
"Qiqirn, Tormented",Large,10,ToB2. 302,Fiend,
"Demon, Berstuc",Large,11,ToB. 76,Fiend,
"Devil, Koralk (Harvester Devil)",Large,11,ToB. 108,Fiend,
Herald of Slaughter,Large,11,ToB2. 198,Fiend,
Herald of the Void,Large,11,ToB2. 199,Fiend,
Thorned Sulfurlord,Huge,11,CC. 306,Fiend,
Sire of Insanity,Huge,12,Ravnica. 197,Fiend,
"Demon Lord, Akyishigal",Large,12,ToB. 82,Fiend,
"Devil, Chort",Medium,12,ToB. 104,Fiend,
Herald of Blood,Huge,12,ToB. 248,Fiend,
"Demon, Culicoid",Large,12,ToB2. 94,Fiend,
Infernal Swarm,Huge Swarm,12,ToB2. 215,Fiend,
"Satarre, Lord of the Satarre",Large,12,ToB2. 317,Fiend,
Cambium,Large,13,ToB. 51,Fiend,
"devil, orobas",Large,13,ToB. 111,Fiend,
Stuhac,Medium,13,ToB. 370,Fiend,
"Demon Lord, Chitter'k'k",Medium,13,CC. 76,Fiend,
"Demon, baliri",Medium,14,ToB2. 93,Fiend,
"Rakshasa, Greater",Medium,15,CC. 312,Fiend,
Mordakhesh,Medium,15,EB. 301,Fiend,
Udaak,Gargantuan,16,WM. 301,Fiend,
"Demon Lord, Bathael",Huge ,16,ToB2. 87,Fiend,
"Devil, Nephirron",Huge,16,ToB2. 104,Fiend,
"Devil, infernal Knight",Medium,16,CC. 104,Fiend,
Koschei,Medium,17,ToB. 266,Fiend,
"Demon Lord, Rangda",Large,17,CC. 79,Fiend,
"Arch Devil, Poena, Duke of Retribution",Large,19,ToB2. 99,Fiend,
"Demon Lord, Chemosh",Huge,19,CC. 75,Fiend,
Demon Lord Rhopalocerex,Large,20,ToB2. 90,Fiend,
Arch-Devil Arbeyach,Large,21,ToB. 95,Fiend,
"Demon Lord, alquam",Huge,21,ToB. 84,Fiend,
"Demon Lord, camazotz",Large,22,ToB. 85,Fiend,
"Arch-Devil, Belphegor",Huge,22,CC. 100,Fiend,
"Demon Lord, Typhon",Gargantuan,22,CC. 81,Fiend,
"Demon Lord, Qorgeth",Gargantuan,23,ToB. 90,Fiend,
"Demon Lord, Hriggala, Jaws of Vardesain",Huge,23,ToB2. 88,Fiend,
Rakdos,Huge,24,Ravnica. 247,Fiend,
Arch-Devil Totivillius,Medium,24,ToB. 101,Fiend,
"Arch Devil, The Curator",Large,24,ToB2. 100,Fiend,
Arch-Devil Mammon,Huge,25,ToB. 99,Fiend,
"Arch-Devil, Parzelon",Huge,25,CC. 101,Fiend,
"Demon Lord, Mechuiti",Gargantuan,27,ToB. 88,Fiend,
Rak Tulkhesh,Huge,28,EB. 303,Fiend,
Sul Khatesh,Large,28,EB. 304,Fiend,
"Demon Lord, Alsikaya, screeching mother of volcanoes",Huge,28,ToB2. 85,Fiend,
Thursir,Large,3,ToB. 227,Giant,
Abbanith,Large,3,ToB2. 170,Giant,
Forest Marauder,Large,4,ToB. 205,Giant,
Flag Giant,Large,4,ToB. 222,Giant,
Zimwi,Medium,4,ToB. 415,Giant,
Deep Troll,Large,4,ToB2. 352,Giant,
Laestrigonian,Large,4,CC. 184,Giant,
Phase giant,Huge,5,ToB2. 172,Giant,
Snow giant,Huge,5,ToB2. 174,Giant,
Manggus,Large,5,ToB2. 256,Giant,
"Ogre, One-Horned",Large,5,ToB2. 274,Giant,
Dvarapala,Huge,5,CC. 137,Giant,
Tusked Crimson Ogre,Large,5,CC. 279,Giant,
Bloodfray Giant,Huge,6,Ravnica. 200,Giant,
Orzhov giant,Large,6,Ravnica. 202,Giant,
"Ogre Chieftain, Corrupted",Large,6,ToB. 423,Giant,
Cacus giant,Huge,6,CC. 181,Giant,
Haunted giant,Huge,6,CC. 183,Giant,
Desert Troll,Large,6,CC. 356,Giant,
"Troll, Lake",Large,7,ToB. 389,Giant,
Chuhaister,Large,7,CC. 62,Giant,
Guardian Giant,Huge,8,"Ravnica, 201",Giant,
Nivix Cyclops,Large,8,Ravnica. 216,Giant,
Degenerate Titan,Huge,8,ToB. 381,Giant,
Blood giant,Huge,8,CC. 180,Giant,
Desert Giant,Huge,9,ToB. 222,Giant,
Thin giant,Huge,9,ToB2. 175,Giant,
Sunder Shaman,Huge,10,Ravnica. 202,Giant,
Cave giant,Huge,10,CC. 182,Giant,
Xing Tian,Huge,11,ToB2. 376,Giant,
Void giant,huge,11,CC. 187,Giant,
Gug,Huge,12,ToB. 241,Giant,
Cave Shamman,Huge,14,ToB2. 171,Giant,
Shadow giant,Huge,15,ToB2. 173,Giant,
Borborygmos,Huge,18,Ravnica. 238,Giant,
Hrasvelgr,Huge,19,ToB. 222,Giant,
Mountain giant,Gargatuan,21,CC. 185,Giant,
Jotun,Gargantuan,22,ToB. 226,Giant,
Magewright,Medium,0,EB. 318,Humanoid,
Kalashtar,Medium,1/4,EB. 317,Humanoid,
Edjet Initiate,Medium,1/4,ToB2. 131,Humanoid,
Harefolk,Small,1/4,ToB2. 194,Humanoid,
"Orc, Gray",Medium,1/4,ToB2. 284,Humanoid,
Otterfolk,Small,1/4,ToB2. 288,Humanoid,
Frontline Medic,Medium,1/4,Ravnica. 231,Humanoid,
Anarch,Small / Medium,1/4,Ravnica. 239,Humanoid,
"elf, shadow fey",Medium,1/4,ToB. 171,Humanoid,
"Erina, Scrounger",Small,1/4,ToB. 178,Humanoid,
"Goblin, dust",Small,1/4,ToB. 230,Humanoid,
Lemurfolk (Kaguani),Small,1/4,ToB. 271,Humanoid,
ramag,Medium,1/4,ToB. 317,Humanoid,
ratfolk,Small,1/4,ToB. 320,Humanoid,
roachling skirmisher,Small,1/4,ToB. 329,Humanoid,
Changeling,Medium,1/2,EB. 317,Humanoid,
Shifter,Medium,1/2,EB. 319,Humanoid,
Derro Guard,Small,1/2,ToB2. 97,Humanoid,
Kobold Spellclerk,Small,1/2,ToB2. 232,Humanoid,
Mydnari,Medium,1/2,ToB2. 264,Humanoid,
Kraul Warrior,Medium,1/2,Ravnica. 213,Humanoid,
Hybrid Spy,Medium,1/2,Ravnica. 218,Humanoid,
Soldier,Medium,1/2,Ravnica. 226,Humanoid,
Rubblebelt Stalker,Medium,1/2,Ravnica. 239,Humanoid,
Scorchbringer Guard,Medium,1/2,Ravnica. 243,Humanoid,
nkosi,Medium,1/2,ToB. 306,Humanoid,
"ravenfolk, scout",Medium,1/2,ToB. 322,Humanoid,
scorpion cultist,Medium,1/2,ToB. 425,Humanoid,
Corpse Theif,Medium,1/2,CC. 66,Humanoid,
Cueyatl,Small,1/2,CC. 68,Humanoid,
"Goblin, Chaos-Spawn",Small,1/2,CC. 190,Humanoid,
"Goblin, Shadow",Small,1/2,CC. 191,Humanoid,
"Human, Elfmarked",Medium,1/2,CC. 403,Humanoid,
"Orc, Green Abyss",Medium,1/2,CC. 291,Humanoid,
"Simian, kapi",Medium,1/2,CC. 336,Humanoid,
Void Cultist,Medium,1/2,CC. 407,Humanoid,
Woodwose,Medium,1/2,CC. 383,Humanoid,
Warforged Soldier,Medium,1,EB. 320,Humanoid,
Trollkin Raider,Medium,1,ToB2. 353,Humanoid,
Hybrid Poisoner,Medium,1,Ravnica. 217,Humanoid,
Hybrid Shocker,Medium,1,Ravnica. 218,Humanoid,
Thought Spy,Medium,1,ravnica. 233,Humanoid,
Rakdos Performer,Medium,1,Ravnica. 249,Humanoid,
Horncaller,Medium,1,Ravnica. 253,Humanoid,
Eonic Drifter,Medium,1,ToB. 177,Humanoid,
"Erina, defender",Small,1,ToB. 178,Humanoid,
kobold trapsmith,Small,1,ToB. 264,Humanoid,
moss lurker,Small,1,ToB. 298,Humanoid,
ratfolk rogue,Small,1,ToB. 320,Humanoid,
Cueyatl Sea Priest,Small,1,CC. 69,Humanoid,
Cueyatl Warrior,Small,1,CC. 69,Humanoid,
Dark Servant,Medium,1,CC. 72,Humanoid,
Dhampir,Medium,1,CC. 106,Humanoid,
Dragonborn Lgt Cav,Medium,1,CC. 124,Humanoid,
"Kobold, Elite",Small,1,CC. 237,Humanoid,
Ratfolk Warlock,Small,1,CC. 314,Humanoid,
Serpentfolk of Yig,Medium,1,CC. 324,Humanoid,
Inspired,Medium,2,EB. 294,Humanoid,
Tarkanan Assassin,Medium,2,EB. 320,Humanoid,
Derro Explorer,Small,2,ToB2. 97,Humanoid,
Initiate of the Elder Elementals,Small,2,ToB2. 216,Humanoid,
Hybrid Brute,Medium,2,Ravnica. 217,Humanoid,
Hybrid Flier,Medium,2,Ravnica. 217,Humanoid,
Counterflux blastseeker,medium,2,Ravnica. 242,Humanoid,
rakdos Lampooner,Medium,2,Ravnica. 248,Humanoid,
Behtu,Small,2,ToB. 34,Humanoid,
Deep Ones,Medium,2,ToB. 73,Humanoid,
folk of leng,Medium,2,ToB. 204,Humanoid,
kobold alchemist,Small,2,ToB. 261,Humanoid,
noctiny,Medium,2,ToB. 308,Humanoid,
roachling lord,Small,2,ToB. 329,Humanoid,
Dragonborn Elementalist,Medium,2,CC. 121,Humanoid,
Dragonborn Hvy Cav,Medium,2,CC. 123,Humanoid,
"Kobold, Junk Shaman",Small,2,CC. 238,Humanoid,
Metee-Kolen-Ol,Medium,2,CC. 404,Humanoid,
"Orc, Black Sun",Medium,2,CC. 289,Humanoid,
Ratfolk Mercenary,Small,2,CC. 315,Humanoid,
Roachling Scout,Small,2,CC. 319,Humanoid,
Shadow Fey Dancer,Medium,2,CC. 147,Humanoid,
"Simian, vanara",Medium,2,CC. 338,Humanoid,
Trollkin Grunt,Medium,2,CC. 357,Humanoid,
"Vampire, Thrall",medium,2,CC. 368,Humanoid,
Yakirian,Medium,2,CC. 390,Humanoid,
Sahuagin Warlock of Uk'Otoa,Medium,3,WM. 297,Humanoid,
Satarre Destroyer,Medium,3,ToB2. 315,Humanoid,
Satarre Mystic,Medium,3,ToB2. 316,Humanoid,
Ssadar,Medium,3,ToB2. 337,Humanoid,
Precognitive Mage,Medium,3,Ravnica. 228,Humanoid,
Bearfolk,Medium,3,ToB. 33,Humanoid,
"dwarf, wolf reaver",Medium,3,ToB. 426,Humanoid,
Elven Veteran Archer,Medium,3,ToB. 422,Humanoid,
"Gnoll, havoc runner",Medium,3,ToB. 230,Humanoid,
"ravenfolk, warrior",Medium,3,ToB. 323,Humanoid,
Bar Brawl,Huge Swarm,3,CC. 48,Humanoid,
Dark Eye,Medium,3,CC. 72,Humanoid,
Dragonborn Edjet,Medium,3,CC. 121,Humanoid,
Dust Goblin Chieftain,Small,3,CC. 136,Humanoid,
Gnoll Slaver,Medium,3,CC. 189,Humanoid,
"Kobold, Swolbold",Medium,3,CC. 240,Humanoid,
"Orc, Black Sun Priestess",Medium,3,CC. 290,Humanoid,
War Chaplain,Medium,3,CC. 410,Humanoid,
Werebat,Medium,3,CC. 258,Humanoid,
Werehyena,Medium,3,CC. 259,Humanoid,
Kraul Death Priest,Medium,4,Ravnica. 214,Humanoid,
Reckoner,Medium,4,Ravnica. 231,Humanoid,
Cosmotronic Blastseeker,Medium,4,Ravnica. 242,Humanoid,
Bandit Lord,Medium,4,ToB. 418,Humanoid,
City Watch Captain,Medium,4,ToB. 419,Humanoid,
Deep One Priest,Medium,4,ToB. 73,Humanoid,
Derro Fetal Savant,Tiny,4,ToB. 92,Humanoid,
"elf, shadow fey guardian",Large,4,ToB. 174,Humanoid,
kobold chieftain,Small,4,ToB. 263,Humanoid,
"lemurfolk, greyfur",Small,4,ToB. 271,Humanoid,
nkosi pridelord,Medium,4,ToB. 306,Humanoid,
"trollkin, reaver",Medium,4,ToB. 390,Humanoid,
Battle Mage,Medium,4,CC. 397,Humanoid,
"Dwarf, Graveslayer",Medium,4,CC. 400,Humanoid,
Gear mage,Medium,4,CC. 401,Humanoid,
"Tosculi, Jeweled Drone",Small,4,CC. 355,Humanoid,
Trollkin Shaman,Medium,4,CC. 357,Humanoid,
Blood Hunter,Medium,5,WM. 284,Humanoid,
Bone Knight,Medium,5,EB. 316,Humanoid,
Knight Ab-errant,Large,5,ToB2. 231,Humanoid,
"Lycanthrope, wereowl",Medium,5,ToB2. 246,Humanoid,
"Lycanthrope, wereshark",Large,5,ToB2. 247,Humanoid,
Mind Mage,Medium,5,Ravnica. 233,Humanoid,
Golgari Shaman,Medium,5,Ravnica. 236,Humanoid,
Flux Blastseeker,Medium,5,Ravnica. 242,Humanoid,
Galvanic Blastseeker,Medium,5,Ravnica. 243,Humanoid,
Black Knight Commander,Medium,5,ToB. 418,Humanoid,
"Derro, Shadow Antipaladin",Small,5,ToB. 93,Humanoid,
"elf, shadow fey forest hunter",Medium,5,ToB. 173,Humanoid,
"ravenfolk, doom croaker",Medium,5,ToB. 324,Humanoid,
subek,Large,5,ToB. 371,Humanoid,
Cueyatl Moon Priest,Small,5,CC. 68,Humanoid,
Dark Voice,Medium,5,CC. 73,Humanoid,
"Derro, Speaker to the Darkness",Small,5,CC. 96,Humanoid,
"Derro, Witch Queen",Small,5,CC. 97,Humanoid,
"Dwarf, cleric of brew",Medium,5,CC. 399,Humanoid,
Gnomish Knife Cultist,Small,5,CC. 402,Humanoid,
"Kobold, Wizard",Small,5,CC. 241,Humanoid,
Kryt,Medium,5,CC. 243,Humanoid,
Ramag Portal Master,Medium,5,CC. 313,Humanoid,
Shadow Fey Knight,Medium,5,CC. 146,Humanoid,
Wyvern Knight,Medium,5,CC. 385,Humanoid,
Derro Shadowseeker,Small,6,ToB2. 98,Humanoid,
Zeitgeist,Medium,6,ToB2. 383,Humanoid,
Lawmage,Medium,6,Ravnica. 228,Humanoid,
"elf, shadow fey duelist",Medium,6,ToB. 171,Humanoid,
Bearfolk Chieftain,Medium,6,CC. 51,Humanoid,
Doomspeaker,Medium,6,CC. 399,Humanoid,
"Elf, Deathsworn",Medium,6,CC. 142,Humanoid,
"Elf, Servant of VIne",Medium,6,CC. 144,Humanoid,
"Kobold, King",Small,6,CC. 239,Humanoid,
Necromancer,Medium,6,CC. 404,Humanoid,
Boreas' Chosen,Medium,7,ToB2. 48,Humanoid,
Eonic Savant,Medium,7,ToB2. 137,Humanoid,
Yathon,Large,7,ToB2. 378,Humanoid,
Firefist,Medium,7,Ravnica. 231,Humanoid,
Druid of the Old Ways,Medium,7,Ravnica. 239,Humanoid,
Blood Witch,Medium,7,Ravnica. 248,Humanoid,
"dwarf, ringmage",Medium,7,ToB. 420 (nice),Humanoid,
einheriar,Medium,7,ToB. 167,Humanoid,
"elf, shadow fey enchantress",Medium,7,ToB. 172,Humanoid,
Blood Mage,Medium,7,CC. 397,Humanoid,
Dhampir Commander,Medium,7,CC. 107,Humanoid,
"Elf, Enchanter",Medium,7,CC. 143,Humanoid,
Void Speaker,Medium,7,CC. 408,Humanoid,
"Deep One, Archimandrite",Large,8,ToB. 74,Humanoid,
Emerald Order Cult Leader,Mwsium,8,ToB. 421,Humanoid,
Scorpion Assassin,Medium,8,CC. 405,Humanoid,
Thief Lord,Medium,8,CC. 406,Humanoid,
Voidwracked Mage,Medium,8,CC. 409,Humanoid,
War Priest,Medium,8,CC. 411,Humanoid,
Devilbound gnomish prince,Small,9,ToB. 420 (nice),Humanoid,
Shadow Fey Ambassador,Medium,9,CC. 145,Humanoid,
Biomancer,Medium,10,Ravnica. 256,Humanoid,
"Elf, Alchemist Archer",Medium,10,CC. 141,Humanoid,
Dragonborn Ouroban,Medium,11,CC. 125,Humanoid,
Shadow Fey poisoner,Medium,11,CC. 148,Humanoid,
Zegana,Medium,16,Ravnica. 255,Humanoid,
Master of Demon Mountain,Medium,17,CC. 264,Humanoid,
The lord of Blades,Medium,18,EB. 300,Humanoid,
stryx,Tiny,1/8,ToB. 369,Monstrosity,
Wicked Skull,Tiny,1/8,ToB2. 368,Monstrosity,
"mimic, map",Tiny,1/4,ToB. 289,Monstrosity,
"tosculi, Drone",Small,1/4,ToB. 386,Monstrosity,
Orniraptor,Small,1/4,ToB2. 285,Monstrosity,
Acid Ant,Small,1/4,CC. 8,Monstrosity,
Exploding Toad,Tiny,1/4,CC. 150,Monstrosity,
Wolpertinger,Tiny,1/4,CC. 382,Monstrosity,
Alseid ,Medium,1/2,ToB. 15,Monstrosity,
Narshark,Large,1/2,ToB2. 266,Monstrosity,
Valkruung,Tiny,1/2,ToB2. 355,Monstrosity,
Alkonost,Small,1/2,CC. 12,Monstrosity,
Chupacabra,Small,1/2,CC. 63,Monstrosity,
Wendigo,Tiny,1/2,CC. 377,Monstrosity,
Category 1 Krasis,Medium,1,Ravnica. 210,Monstrosity,
bastet temple cat,Small,1,ToB. 32,Monstrosity,
leshy,Medium,1,ToB. 272,Monstrosity,
wampus cat,Medium,1,ToB. 405,Monstrosity,
Grimmlet,Tiny,1,ToB2. 186,Monstrosity,
Mountain Strider,Large,1,ToB2. 261,Monstrosity,
Agnibarra,Small,1,CC. 9,Monstrosity,
Anophiloi,Small,1,CC. 39,Monstrosity,
Carbuncle,Small,1,CC. 57,Monstrosity,
"Lamia, Serpentine",Medium,1,CC. 248,Monstrosity,
Sunset Raptor,Medium,1,CC. 351,Monstrosity,
Skyjek Roc,Large,2,Ravnica. 219,Monstrosity,
cobbleswarm,Medium swarm,2,ToB. 68,Monstrosity,
doppelrat,Tiny,2,ToB. 123,Monstrosity,
Eala,Small,2,ToB. 163,Monstrosity,
kot Bayun,Medium,2,ToB. 268,Monstrosity,
shadhavar,Large,2,ToB. 344,Monstrosity,
"Tosculi, Warrior",Small,2,ToB. 386,Monstrosity,
"Harpy, Egret",Medium,2,ToB2. 195,Monstrosity,
Ophinix,Large,2,ToB2. 283,Monstrosity,
Qiqirn,Small,2,ToB2. 301,Monstrosity,
Ahuizotl,Small,2,CC. 10,Monstrosity,
Arcamag,Tiny,2,CC. 41,Monstrosity,
"Bat, Giant Vampire",Large,2,CC. 50,Monstrosity,
Bearmit crab,Large,2,CC. 52,Monstrosity,
Lou Carcolh,Medium,2,CC. 257,Monstrosity,
Roggenwolf,Medium,2,CC. 320,Monstrosity,
Scitalis,Large,2,CC. 321,Monstrosity,
"Scrag, Lesser",Medium,2,CC. 322,Monstrosity,
goat-man,Medium,3,ToB. 231,Monstrosity,
mahoru,Large,3,ToB. 281,Monstrosity,
millitaur,Large,3,ToB. 288,Monstrosity,
Brimstone Locusthound,Medium,3,ToB2. 51,Monstrosity,
Corpse Worm,Large,3,ToB2. 71,Monstrosity,
Crocotta,Medium,3,ToB2. 75,Monstrosity,
Snake with a Hundred Mage Hands,Small,3,ToB2. 333,Monstrosity,
"Bat, Giant Albino",Huge,3,CC. 50,Monstrosity,
Bloody Bones,Medium,3,CC. 54,Monstrosity,
Ghost Boar,Large,3,CC. 169,Monstrosity,
Megapede,Large,3,CC. 266,Monstrosity,
Orthrus,Medium,3,CC. 292,Monstrosity,
Fang of Great Wolf,Large,3,CC. 384,Monstrosity,
Merrow Shallowpriest,Large,4,WM. 294,Monstrosity,
Angler worm,Huge,4,ToB. 22,Monstrosity,
water leaper,Large,4,ToB. 406,Monstrosity,
Alchemical Skunk,Small,4,ToB2. 13,Monstrosity,
August Rooster,Medium,4,ToB2. 33,Monstrosity,
Brachyura shambler,Medium,4,ToB2. 49,Monstrosity,
Death Vulture,Large,4,ToB2. 81,Monstrosity,
Kezai,Medium,4,ToB2. 228,Monstrosity,
Spellhound,Large,4,ToB2. 336,Monstrosity,
Arcanaphage,Medium,4,CC. 42,Monstrosity,
Nian,Large,4,CC. 276,Monstrosity,
"dogmole, juggernaut",Large,5,ToB. 121,Monstrosity,
"hag, sand",Medium,5,ToB. 245,Monstrosity,
"harpy, owl",Medium,5,ToB. 246,Monstrosity,
hound of the night,Large,5,ToB. 251,Monstrosity,
rat king,Medium,5,ToB. 318,Monstrosity,
"tosculi, Elite bow raider",Medium,5,ToB. 386,Monstrosity,
vapor lynx,Large,5,ToB. 398,Monstrosity,
Aniwye,Large,5,ToB2. 25,Monstrosity,
Deathweaver,Huge,5,ToB2. 83,Monstrosity,
Empusa,Medium,5,ToB2. 136,Monstrosity,
Kamaitachi,Small,5,ToB2. 220,Monstrosity,
Ophidiotaur,Large,5,ToB2. 282,Monstrosity,
Scarlet Ibis,Medium,5,ToB2. 318,Monstrosity,
Centaur Chieftain,Large,5,CC. 60,Monstrosity,
Gargoctopus,Large,5,CC. 167,Monstrosity,
Matriarch Serpentine Lamia,Large,5,CC. 249,Monstrosity,
"Minotaur, Labryinth keeper",Large,5,CC. 267,Monstrosity,
Shantak,Large,5,CC. 328,Monstrosity,
Sliepnir,Large,5,CC. 344,Monstrosity,
Three-headed cobra,Large,5,CC. 354,Monstrosity,
Gloomstalker,Large,6,WM. 291,Monstrosity,
Category 2 Krasis,Large,6,Ravnica. 211,Monstrosity,
Undercity Medusa,Medium,6,Ravnica. 222,Monstrosity,
likho,Medium,6,ToB. 275,Monstrosity,
loxoda,Huge,6,ToB. 280,Monstrosity,
nightgarm,Large,6,ToB. 304,Monstrosity,
white ape,Large,6,ToB. 408,Monstrosity,
Cryoceros,Large,6,ToB2. 76,Monstrosity,
"Naga, Swamp",Large,6,ToB2. 265,Monstrosity,
Stormboar,Large,6,ToB2. 341,Monstrosity,
Tembril,Large,6,ToB2. 344,Monstrosity,
Tidehunter,Huge,6,ToB2. 348,Monstrosity,
Werynax,Large,6,ToB2. 367,Monstrosity,
Zouyu,Huge,6,ToB2. 386,Monstrosity,
"Ghost Boar, Elder",Huge,6,CC. 169,Monstrosity,
Gulon,Large,6,CC. 212,Monstrosity,
"Naga, Moonchild",Large,6,CC. 273,Monstrosity,
Pixiu,Large,6,CC. 300,Monstrosity,
Swavain Basilisk,Huge,7,WM. 300,Monstrosity,
Sarsaok,Huge,7,ToB2. 313,Monstrosity,
Aalpamac,Huge,7,ToB2. 8,Monstrosity,
Goliath Longlegs,Gargantuan,7,CC. 206,Monstrosity,
Jaanavar Jal,Huge,7,CC. 229,Monstrosity,
"Minotaur, Priestess",Large,7,CC. 267,Monstrosity,
"Scrag, Greater",Large,7,CC. 322,Monstrosity,
Two-Headed Eagle,Huge,7,CC. 360,Monstrosity,
Ursa Polaris,Large,7,CC. 364,Monstrosity,
Aeorian Reverser,Large,8,WM. 284,Monstrosity,
Horizonback Tortoise,Gargantuan,8,WM. 292,Monstrosity,
dune mimic,Huge,8,ToB. 162,Monstrosity,
Huecambra,Large,8,ToB2. 203,Monstrosity,
Pal-Rai-Yuk,Huge,8,ToB2. 291,Monstrosity,
Bukavac,Large,9,ToB. 47,Monstrosity,
horakh,Medium,9,ToB. 250,Monstrosity,
Krake spawn,Huge,9,ToB. 269,Monstrosity,
"spider, ghostwalk",Large,9,ToB. 361,Monstrosity,
Anzu,Large,9,ToB2. 26,Monstrosity,
Gulper Behemoth,Gargantuan,9,ToB2. 190,Monstrosity,
Keelbreaker crab,Huge,9,ToB2. 226,Monstrosity,
Kirikari,Huge,9,ToB2. 230,Monstrosity,
Oasis Keeper,Huge,9,ToB2. 273,Monstrosity,
Shriekbat,Huge,9,ToB2. 325,Monstrosity,
"Mantik, barbed king of the manticores",Huge,9,CC. 262,Monstrosity,
Aeorian Absorber,Large,10,WM. 283,Monstrosity,
Collais,Large,10,ToB2. 69,Monstrosity,
Conjoined Queen,Large,10,ToB2. 70,Monstrosity,
"Hydra, Chameleon",Huge,10,ToB2. 208,Monstrosity,
Icheneumon,Large,11,CC. 224,Monstrosity,
Aeorian Nullifier,Large,12,WM. 283,Monstrosity,
son of fenris,Huge,12,ToB. 355,Monstrosity,
"Tosculi, Hive-Queen",Large,12,ToB. 385,Monstrosity,
Derendian Moth Abomination,Huge,12,ToB2. 96,Monstrosity,
Galidroo,Huge,12,ToB2. 161,Monstrosity,
"Illhveli, kembingur",Gargantuan,12,Tob2. 211,Monstrosity,
Horned Serpent,Large,12,CC. 220,Monstrosity,
Venom Maw Hydra,Huge,12,CC. 370,Monstrosity,
Skyswimmer,Gargantuan,13,Ravnica. 220,Monstrosity,
Bonespitter,Gargantuan,13,ToB2. 47,Monstrosity,
Carnivorous ship,Gargantuan,13,ToB2. 56,Monstrosity,
"Dinosaur, Tricenatorus",Huge,13,ToB2. 109,Monstrosity,
Devil Shark,Gargantuan,13,CC. 98,Monstrosity,
Wurm,Huge,14,Ravnica. 225,Monstrosity,
isonade,Gargantuan,14,ToB. 257,Monstrosity,
"sphinx, gypsosphinx",Large,14,ToB. 359,Monstrosity,
Graknork,Gargantuan,14,ToB2. 182,Monstrosity,
Grimmlet Swarm,Large Swarm,14,ToB2. 187,Monstrosity,
Khodumodumo,Gargantuan,14,ToB2. 229,Monstrosity,
Timingila,Gargantuan,15,ToB2. 349,Monstrosity,
Category 3 Krasis,Huge,16,Ravnica. 212,Monstrosity,
"Illhveli, Nauthveli",Gargantuan,16,ToB2. 212,Monstrosity,
Frost Worm,Gargantuan,17,WM. 289,Monstrosity,
Lazav,Medium,17,Ravnica. 232,Monstrosity,
Isperia,Gargantuan,21,Ravnica. 227,Monstrosity,
zaratan,Gargantuan,26,ToB. 414,Monstrosity,
Degmadu,Gargantuan,28,ToB2. 84,Monstrosity,
Dipsa,Tiny,1/4,ToB. 118,Ooze,
Treacle,Tiny,1/4,ToB. 387,Ooze,
Alchemy Apprentice Ooze,Small,1,CC. 281,Ooze,
Suppurating Ooze,Medium,1,CC. 288,Ooze,
Putrescent slime,Medium,1,Tob2. 300,Ooze,
Ichor Ooze,Meidum,2,ToB2. 279,Ooze,
Rotsam,Tiny,2,ToB2. 309,Ooze,
Swampgas Bubble,Medium,2,ToB2. 343,Ooze,
Shadow Ooze,Medium,3,CC. 287,Ooze,
Purple Slime,Large,3,CC. 307,Ooze,
Mineral Ooze,Large,3,ToB2. 280,Ooze,
Ink Guardian Ooze,Large,4,CC. 285,Ooze,
Philosopher's Ghost,Medium,4,CC. 297,Ooze,
Amber Ooze,Large,4,ToB2. 277,Ooze,
Sap Demon,Small,4,ToB. 335,Ooze,
Skitterhaunt,Large,4,ToB. 352,Ooze,
Yaga Goo,Small,5,CC. 389,Ooze,
Eldritch Ooze,Large,5,ToB2. 278,Ooze,
Voidpool,Large,5,ToB2. 362,Ooze,
Corrupting Ooze,Large,5,ToB. 311,Ooze,
Blood Ooze,Large,6,CC. 282,Ooze,
Ruby ooze,Medium,6,CC. 286,Ooze,
Tar Ooze,Large,6,ToB2. 280,Ooze,
Rotsam Swarm,Large swarm,6,ToB2. 309,Ooze,
Saphire Jelly,Medium,6,ToB2. 312,Ooze,
Shark Bowl Ooze,Huge,8,CC. 284,Ooze,
Oozasis,Gargantuan,9,ToB. 310,Ooze,
Foxfire Ooze,Large,10,CC. 283,Ooze,
Pustulent Shambler,Gargantuan,13,ToB2. 299,Ooze,
Shroud,Medium,1/8,ToB. 348,Undead,
Goreling,Small,1/4,CC. 207,Undead,
Skull Lantern,Tiny,1/4,CC. 343,Undead,
Ghoul Bat,Small ,1/4,ToB2. 391,Undead,
Flesh Reaver,Medium,1/2,CC. 160,Undead,
Cadaver Sprite,Tiny,1/2,ToB2. 55,Undead,
Husk,Medium,1/2,ToB2. 205,Undead,
"Skeleton, Cackling",Medium,1/2,ToB2. 330,Undead,
Yowler,Tiny,1/2,ToB2. 380,Undead,
"Zombie, Cavefish",Medium,1/2,ToB2. 384,Undead,
"Ghoul, Beggar",Medium,1/2,ToB. 213,Undead,
Husk Zombie,Medium,1,WM. 293,Undead,
Phantom,Medium,1,CC> 296,Undead,
Glacial Corrupter,Medium,1,ToB2. 176,Undead,
"Aboleth, Nihilethic Zombie",Medium,1,ToB. 9,Undead,
"Skeleton, Sharkjaw",Large,1,ToB. 350,Undead,
undying soldier,Medium,2,EB. 311,Undead,
Fear Liath,Large,2,CC. 152,Undead,
Lady in White,Medium,2,CC. 246,Undead,
"Skeleton, Clacking",Medium,2,CC. 340,Undead,
"Skeleton, Shadow",Medium,2,CC. 342,Undead,
Wind Eater,Medium,2,CC. 381,Undead,
"Zombie, Blood",Medium,2,CC. 393,Undead,
Chimeric Phantom,Medium,2,ToB2. 62,Undead,
"Skeleton, Dragon (template)",Medium,2,ToB2. 331,Undead,
Gray Thirster,Medium,2,ToB. 238,Undead,
Myling,Small,2,ToB. 301,Undead,
Putrid Haunt,Medium,2,ToB. 315,Undead,
Karrnathi undead soldier,Medium,3,EB. 295,Undead,
Ghoulsteed,Large,3,CC. 177,Undead,
"Hungry GHost, Petra",Medium,3,CC. 223,Undead,
"Zombie, Mold",Medium,3,CC. 395,Undead,
Bleakheart,Medium,3,ToB2. 43,Undead,
Chill Haunt,Medium,3,ToB2. 62,Undead,
Fane Spirit,Medium,3,ToB2. 141,Undead,
"Skeleton, Swordbreaker",medium,3,ToB2. 332,Undead,
"Ghoul, Darakhul",Medium,3,ToB. 216,Undead,
"Mummy, venomous",Medium,3,ToB. 299,Undead,
mind drinker vampire,Medium,4,Ravnica. 224,Undead,
Darakhul Shadowmancer,Medium,4,CC. 173,Undead,
Dark Father,Large,4,CC. 71,Undead,
Elophar,Large,4,CC. 149,Undead,
Necrophage Ghast,Medium,4,CC. 175,Undead,
Tar Ghoul,Medium,4,CC. 176,Undead,
Tulpa,Medium,4,CC. 358,Undead,
Unhatched,Small,4,CC. 363,Undead,
De Ogen,Medium,4,ToB2. 80,Undead,
Deathspeaker,Medium,4,ToB2. 82,Undead,
Emperor's Hyena,Medium,4,ToB2. 135,Undead,
Falsifer Fog,Huge,4,ToB2. 140,Undead,
Fleshspurned,Medium,4,ToB2. 153,Undead,
Guiguai,Medium,4,ToB2. 188,Undead,
Mari Lwyd,Large,4,ToB2. 257,Undead,
Ortifex,Medium,4,ToB2. 287,Undead,
Overshadow,Large,4,ToB2. 289,Undead,
Servant of the Unsated God,Medium,4,ToB2. 321,Undead,
Winterghast,Medium,4,ToB2. 371,Undead,
Accursed Defiler,Medium,4,ToB. 12,Undead,
Edimmu,Medium,4,ToB. 165,Undead,
"Ghoul, Imperial",Medium,4,ToB. 220,Undead,
Lich Hound,Medium,4,ToB. 274,Undead,
Vaettir,Medium,4,ToB. 395,Undead,
Dream Wraith,Medium,5,CC. 135,Undead,
Fierstjerren,Medium,5,CC. 157,Undead,
"Zombie, lord",Medium,5,CC. 394,Undead,
Flayed Wraith,Medium,5,ToB2. 151,Undead,
"Ghoul, Darakhul Spy",Medium,5,ToB2. 168,Undead,
Ghul,Medium,5,ToB2. 169,Undead,
Willowhaunt,Huge,5,ToB2. 369,Undead,
Windy Wailer,Large,5,ToB2. 370,Undead,
Drowned Maiden,Medium,5,ToB. 159,Undead,
"Ghoul, Iron",Medium,5,ToB. 221,Undead,
Sarcophagus SLime,Medium,5,ToB. 336,Undead,
Wormhearted Suffragan,Medium,5,ToB. 410,Undead,
Gloomstalker,Large,6,WM. 291,Undead,
Crimson Mist,Medium,6,CC. 67,Undead,
Ghost Dwarf,Medium,6,CC. 171,Undead,
jiangshi,Medium,6,CC. 230,Undead,
Quiet Soul,Medium,6,CC. 309,Undead,
"Ghoul, Bloated",Medium,6,ToB2. 166,Undead,
Hooden Horse,Medium,6,ToB2. 202,Undead,
"Mummy, Scroll",Medium,6,ToB2. 262,Undead,
Ogrepede,Huge,6,ToB2. 275,Undead,
Angatra,Medium,6,ToB. 19,Undead,
Fext,Medium,6,ToB. 183,Undead,
Rotting Wind,Large,6,ToB. 330,Undead,
ToB. 331,Medium,6,ToB. 330,Undead,
Sand Silhouette,Medium,6,ToB. 332,Undead,
Spectral Guardian,Medium,6,ToB. 358,Undead,
Swarm of Wolf Spirits,Large Swarm,6,ToB. 377,Undead,
Spirit Lamp,Medium,7,CC. 349,Undead,
Tveirherjar,Medium,7,CC. 359,Undead,
Graveyard Dragon,Large,7,ToB2. 183,Undead,
"Husk, Giant",Huge,7,ToB2. 205,Undead,
Walled Horror,Large,7,ToB2. 363,Undead,
Deathwisdp,Medium,7,ToB. 72,Undead,
Dissimortuum,Medium,7,ToB. 119,Undead,
Risen Reaver,Large,7,ToB. 328,Undead,
Blood drinker vampire,Medium,8,Ravnica. 223,Undead,
Gloamwing,Large,8,Ravnica. 215,Undead,
obzedat ghost,Medium,8,Ravnica. 245,Undead,
"Hungry ghost, gaki",Medium,8,CC. 222,Undead,
"Minotaur, Lost",Large,8,CC. 268,Undead,
Nachzehrer,Medium,8,CC. 272,Undead,
"Vampire, Priestess",Medium,8,CC. 367,Undead,
Marsh Dire,Medium,8,ToB2. 258,Undead,
Bone Collective,Small,8,ToB. 39,Undead,
mallqui,Medium,8,ToB. 282,Undead,
Frost GIant Zombie,Huge,9,WM. 288,Undead,
Darakhul Priestess,Medium,9,CC. 172,Undead,
Kulmking,Large,9,CC. 244,Undead,
"Lich, Hierophant",Medium,9,CC. 252,Undead,
Shadow River Lord,Medium,9,CC. 327,Undead,
"Skeleton, Monarch",Medium,9,CC. 341,Undead,
Ash Pheonix,Large,9,ToB2. 28,Undead,
"Ghoul, Darakhul Captain",Medium,9,ToB2. 166,Undead,
Wraith bear,Large,9,ToB2. 375,Undead,
nightveil specter,Medium,10,Ravnica. 215,Undead,
Grave Behemoth,Huge,10,CC. 208,Undead,
"Vampire, Patrician",Medium,10,CC. 365,Undead,
"Zombie, Dragon (Template)",Large,10,ToB2. 385,Undead,
Bone Swarm,Large,10,ToB. 41,Undead,
undrying councilor,Medium,10,EB. 311,Undead,
Ghost Dragon,Large,11,CC. 170,Undead,
Herald of Undeath,Large,11,CC. 219,Undead,
Vampiric Knight,Medium,11,CC. 369,Undead,
Black Crier,Medium,11,ToB2. 42,Undead,
Corpse Mound,Huge,11,ToB. 69,Undead,
Grim Jester,Medium,11,ToB. 240,Undead,
Undead Pheonix,Huge,12,CC> 361,Undead,
Boneshard Wraith,Medium,12,ToB2. 46,Undead,
"Lich, Virtuoso",Medium,12,ToB2. 237,Undead,
"Necrotech, Death Barque",Gargantuan,12,ToB2. 268,Undead,
"Aboleth, Nihileth",Large,12,ToB. 8,Undead,
Flutterflesh,Large,12,ToB. 203,Undead,
"Ghoul, Bonepowder",Small,12,ToB. 215,Undead,
Mavka,Medium,12,ToB. 286,Undead,
Incarnate Gloom,Gargantuan,13,ToB2. 213,Undead,
"Necrotech, Bone Colossus",Gargantuan,13,ToB2. 267,Undead,
"Vampire, Psychic",Medium,13,ToB2. 357,Undead,
Haugbui,Medium,13,ToB. 247,Undead,
Mask Wight,Medium,13,ToB. 285,Undead,
Vampire Warlock,Medium,13,ToB. 425,Undead,
devkarin lich,Medium,14,Ravnica. 198,Undead,
"Lich, Pact",Medium,15,CC. 254,Undead,
Emperor of the Ghouls,Medium,20,ToB. 219,Undead,
jarad vod savo,Medium,22,Ravnica. 235,Undead,
lady illmarrow,Medium,22,EB. 297,Undead,
"Fungi, Pixie's Umbrella",Small,1/8,ToB2. 158,Plant,
"Fungi, Shiftshroom",Medium,1/4,ToB2. 159,Plant,
Alliumite,Sall,1/4,CC. 13,Plant,
Morphoi,Medium,1/2,ToB. 297,Plant,
Crimson Shambler,Medium,1/2,ToB2. 73,Plant,
"Fungi, Boomer",Medium,1/2,ToB2. 157,Plant,
Mandrake,Tiny,1/2,CC. 260,Plant,
Child of the Briar,Tiny,1,ToB. 56,Plant,
Bulbous Violet,Medium,1,ToB2. 53,Plant,
Carnivorous Sod,Medium,1,ToB2. 57,Plant,
Garlicle,Small,1,ToB2. 162,Plant,
Stone Creeper,Medium,1,ToB2. 339,Plant,
"Fungi, Wirbeln",Small,1,CC. 166,Plant,
"Mandrake, Great",Tiny,1,CC. 260,Plant,
Shadow blight ,Small,1,CC. 326,Plant,
Cactid,Large,2,ToB. 50,Plant,
tendril Puppet,Medium,2,ToB. 403,Plant,
Mindrot Thrall,Medium,3,ToB. 290,Plant,
Viiret,Large,3,ToB2. 361,Plant,
Gloomflower,Tiny,3,CC. 188,Plant,
Cavelight Moss,Large,4,ToB. 50,Plant,
Frostveil,Medium,4,ToB. 207,Plant,
"Mycolid, Deathcap",Medium,4,ToB. 300,Plant,
Dancing Foliage,Medium,4,ToB2. 79,Plant,
"Fungi, Strobing",Medium,4,ToB2. 160,Plant,
Mi-Go,Medium,5,ToB. 287,Plant,
Ravenala,Large,5,ToB. 321,Plant,
Fleshdreg,Huge,5,ToB2. 152,Plant,
Mandriano,Large,5,CC. 261,Plant,
Razorleaf,Medium,5,CC. 317,Plant,
Weeping Treant,Huge,6,ToB. 388,Plant,
Barometz,Large,6,ToB2. 38,Plant,
Bloom Hydra,Medium,6,ToB2. 207,Plant,
Vine Lord,Medium,7,ToB. 402,Plant,
"Fungi, Ophio",Huge,7,ToB2. 157,Plant,
Swamp Lily,Medium,7,ToB2. 342,Plant,
Mangrove Treant,Huge,7,ToB2. 350,Plant,
Warlock's Trumpet,Large,7,CC. 372,Plant,
Dragonleaf Tree,Large,8,ToB. 147,Plant,
Arborcyte,Large,8,CC. 40,Plant,
"Mandriano, Ancient",Huge,8,CC. 261,Plant,
Vines of Nemthyr,Large,8,CC. 371,Plant,
Vine Troll Skeleton,Large,9,ToB. 351,Plant,
Pine Doom,Huge,9,Tob2. 295,Plant,
Jimmenju,Huge,9,CC. 232,Plant,
Kelp Eel,Huge,10,ToB2. 227,Plant,
Peat Mammoth,Huge,10,ToB2. 293,Plant,
Vesiculosa,Gargantuan,11,ToB. 399,Plant